loan_amnt,home_ownership,annual_inc,dti,int_rate,tax_liens,loan_status,forty_plus_indicator,credit_age
12000.0,RENT,58000.0,25.16,0.1311,0.0,0,Under Forty,8894
2100.0,RENT,52800.0,23.41,0.1677,0.0,0,Under Forty,5363
28000.0,MORTGAGE,125000.0,25.32,0.1433,0.0,0,Over Forty,11117
6075.0,RENT,22000.0,22.47,0.1531,0.0,1,Under Forty,6977
7000.0,MORTGAGE,77250.0,18.45,0.18489999999999998,0.0,0,Under Forty,8529
21250.0,MORTGAGE,61500.0,32.23,0.08900000000000001,0.0,0,Over Forty,11510
5225.0,MORTGAGE,46410.4,16.88,0.1409,0.0,0,Under Forty,7372
15000.0,MORTGAGE,49000.0,12.66,0.1399,0.0,0,Under Forty,6703
3975.0,MORTGAGE,56000.0,14.21,0.0762,0.0,0,Over Forty,6642
5000.0,RENT,114020.0,24.77,0.1727,0.0,0,Over Forty,7585
15500.0,OWN,81500.0,23.97,0.1114,0.0,0,Under Forty,7250
2000.0,OWN,14340.0,15.82,0.12119999999999999,0.0,1,Under Forty,7889
24000.0,MORTGAGE,100000.0,19.68,0.12119999999999999,0.0,0,Over Forty,11298
30000.0,OWN,250000.0,16.49,0.1531,0.0,0,Under Forty,9534
14000.0,MORTGAGE,42000.0,31.51,0.12119999999999999,0.0,0,Over Forty,8438
18000.0,RENT,61000.0,11.96,0.18489999999999998,0.0,0,Under Forty,4847
20000.0,MORTGAGE,67000.0,21.06,0.08900000000000001,0.0,0,Over Forty,10172
21000.0,RENT,84181.92,34.5,0.08900000000000001,0.0,0,Over Forty,8680
1925.0,MORTGAGE,83000.0,22.77,0.08900000000000001,0.0,0,Under Forty,9016
6000.0,RENT,33696.0,17.91,0.12119999999999999,0.0,0,Under Forty,5301
10375.0,MORTGAGE,67000.0,18.77,0.1409,0.0,0,Under Forty,9381
15300.0,MORTGAGE,82000.0,11.31,0.1114,0.0,0,Over Forty,9138
7300.0,RENT,100000.0,8.1,0.1016,0.0,0,Over Forty,13186
20000.0,MORTGAGE,50000.0,21.07,0.1409,0.0,1,Under Forty,8164
17000.0,MORTGAGE,96000.0,12.78,0.08900000000000001,0.0,0,Under Forty,8164
10000.0,RENT,65000.0,11.32,0.12119999999999999,0.0,0,Under Forty,7585
25000.0,MORTGAGE,180000.0,9.76,0.0762,0.0,0,Under Forty,8529
11450.0,RENT,48000.0,5.05,0.1016,0.0,0,Under Forty,6854
5600.0,RENT,32000.0,32.1,0.1629,0.0,0,Under Forty,8438
7000.0,MORTGAGE,86623.0,15.1,0.1016,0.0,0,Under Forty,11329
3000.0,RENT,65000.0,15.8,0.158,0.0,0,Under Forty,7219
6000.0,RENT,35000.0,7.84,0.1016,0.0,0,Under Forty,14647
3500.0,MORTGAGE,50000.0,25.92,0.1311,0.0,0,Under Forty,9016
25450.0,RENT,57000.0,29.87,0.1629,0.0,1,Under Forty,7099
3500.0,RENT,40000.0,19.63,0.08900000000000001,0.0,0,Under Forty,5546
30000.0,RENT,120000.0,14.4,0.1531,0.0,0,Over Forty,9350
12250.0,RENT,55000.0,26.25,0.158,0.0,0,Under Forty,6124
7350.0,MORTGAGE,98000.0,12.94,0.1016,0.0,0,Under Forty,5242
10000.0,RENT,35000.0,19.17,0.1465,0.0,0,Over Forty,9230
6000.0,OWN,35000.0,1.71,0.1074,0.0,0,Under Forty,7158
13000.0,RENT,65000.0,9.71,0.1311,0.0,0,Under Forty,8985
12000.0,RENT,48000.0,18.5,0.1433,0.0,0,Under Forty,4755
6000.0,RENT,30000.0,8.16,0.1433,0.0,0,Under Forty,4936
7200.0,MORTGAGE,51000.0,17.53,0.12119999999999999,0.0,0,Over Forty,12364
8000.0,RENT,25000.0,19.39,0.1531,0.0,0,Under Forty,6673
14575.0,RENT,96000.0,12.81,0.1399,0.0,0,Under Forty,6003
18000.0,MORTGAGE,100035.0,16.55,0.12119999999999999,0.0,0,Over Forty,7127
7000.0,RENT,40000.0,8.25,0.1629,0.0,0,Under Forty,6793
17825.0,MORTGAGE,75000.0,18.85,0.1409,0.0,0,Over Forty,9442
2400.0,MORTGAGE,82000.0,10.46,0.12119999999999999,0.0,0,Over Forty,11663
13550.0,RENT,41000.0,17.21,0.158,0.0,0,Under Forty,4602
9800.0,RENT,45000.0,19.93,0.1074,0.0,0,Under Forty,9990
10000.0,RENT,60000.0,11.38,0.1531,0.0,0,Under Forty,4420
12250.0,RENT,35276.8,22.89,0.1433,0.0,0,Under Forty,8619
18000.0,MORTGAGE,87100.0,31.85,0.1777,0.0,0,Under Forty,9837
10000.0,MORTGAGE,78000.0,18.55,0.08900000000000001,0.0,0,Under Forty,8680
3000.0,MORTGAGE,70000.0,4.9,0.1311,0.0,1,Under Forty,8954
12000.0,MORTGAGE,83568.0,21.02,0.1465,0.0,1,Under Forty,8042
20000.0,MORTGAGE,128000.0,4.95,0.0762,0.0,0,Over Forty,9472
10000.0,MORTGAGE,70000.0,14.67,0.1433,0.0,0,Under Forty,10780
19000.0,RENT,53000.0,19.77,0.1311,0.0,0,Under Forty,5666
7000.0,RENT,36000.0,18.17,0.1399,0.0,0,Under Forty,5424
9600.0,OWN,62000.0,17.77,0.1399,0.0,0,Over Forty,11541
10000.0,RENT,74724.0,14.69,0.1531,0.0,0,Over Forty,12759
10000.0,RENT,101000.0,9.92,0.09759999999999999,0.0,0,Under Forty,5516
8000.0,RENT,62000.0,11.23,0.12119999999999999,0.0,0,Under Forty,7250
2000.0,RENT,30000.0,27.32,0.12119999999999999,0.0,0,Over Forty,8985
9200.0,MORTGAGE,43000.0,19.53,0.079,0.0,0,Under Forty,4998
20500.0,MORTGAGE,65000.0,9.49,0.08900000000000001,0.0,0,Under Forty,4633
6600.0,MORTGAGE,50700.0,18.63,0.1114,0.0,0,Under Forty,6155
8000.0,MORTGAGE,99000.0,16.36,0.1399,0.0,0,Over Forty,9503
30000.0,RENT,75000.0,9.36,0.1677,0.0,0,Under Forty,5850
16000.0,MORTGAGE,89000.0,16.26,0.079,0.0,0,Over Forty,8985
1000.0,MORTGAGE,79000.0,2.5,0.079,0.0,0,Under Forty,11145
12000.0,MORTGAGE,147000.0,14.12,0.08900000000000001,0.0,0,Over Forty,8803
8800.0,RENT,38000.0,8.46,0.1875,0.0,1,Under Forty,7372
3600.0,MORTGAGE,32000.0,6.56,0.21489999999999998,0.0,0,Over Forty,7920
15000.0,RENT,40000.0,13.73,0.0603,0.0,1,Under Forty,7189
15000.0,MORTGAGE,70000.0,23.98,0.1399,0.0,0,Under Forty,14220
5650.0,OWN,28300.0,3.56,0.1074,0.0,1,Under Forty,7769
6000.0,RENT,25884.0,18.41,0.1367,0.0,1,Under Forty,4542
8500.0,RENT,30000.0,25.32,0.1409,0.0,0,Under Forty,5424
12000.0,RENT,48000.0,25.73,0.1311,0.0,0,Under Forty,6459
8000.0,RENT,30000.0,16.8,0.1777,0.0,0,Over Forty,9684
6000.0,RENT,50000.0,12.55,0.1433,0.0,1,Under Forty,12943
2800.0,RENT,25000.0,10.12,0.1409,0.0,0,Under Forty,8438
4575.0,RENT,28000.0,29.01,0.1727,0.0,1,Under Forty,4694
7500.0,MORTGAGE,45000.0,23.95,0.0762,0.0,0,Over Forty,9319
10750.0,MORTGAGE,45500.0,13.77,0.1311,0.0,0,Under Forty,11390
8000.0,RENT,30000.0,19.28,0.1433,0.0,0,Under Forty,4571
3300.0,RENT,21000.0,25.03,0.1114,0.0,0,Over Forty,9016
35000.0,RENT,120000.0,17.44,0.1777,0.0,0,Under Forty,10141
28000.0,MORTGAGE,88000.0,29.75,0.09759999999999999,0.0,0,Under Forty,8315
15000.0,RENT,60000.0,6.48,0.1465,0.0,0,Over Forty,7127
2000.0,MORTGAGE,70000.0,7.06,0.0662,0.0,0,Over Forty,9077
8000.0,MORTGAGE,85000.0,9.37,0.12119999999999999,0.0,0,Under Forty,6369
6000.0,MORTGAGE,60000.0,6.22,0.1531,0.0,0,Under Forty,7007
19750.0,OWN,44000.0,29.05,0.12119999999999999,0.0,1,Under Forty,10141
12000.0,OWN,62000.0,11.52,0.0662,0.0,0,Over Forty,11938
18000.0,RENT,80000.0,20.83,0.1825,0.0,0,Under Forty,10995
18000.0,MORTGAGE,99000.0,9.85,0.079,0.0,0,Under Forty,13277
6075.0,RENT,54000.0,15.56,0.1311,0.0,0,Under Forty,7433
7000.0,MORTGAGE,83440.0,16.96,0.1114,0.0,0,Over Forty,11086
14400.0,MORTGAGE,40000.0,28.17,0.1433,0.0,0,Over Forty,7433
15875.0,RENT,32000.0,16.24,0.0762,0.0,0,Under Forty,10538
11000.0,MORTGAGE,52000.0,14.95,0.1114,0.0,0,Under Forty,19518
22800.0,MORTGAGE,72300.0,24.13,0.08900000000000001,0.0,0,Under Forty,10780
6400.0,RENT,40000.0,13.29,0.12119999999999999,0.0,0,Under Forty,6277
15000.0,OWN,50000.0,5.11,0.1399,0.0,0,Under Forty,6946
6000.0,OWN,40000.0,17.13,0.15960000000000002,0.0,0,Over Forty,7038
12000.0,MORTGAGE,103000.0,10.86,0.0662,0.0,0,Over Forty,8680
10000.0,RENT,60000.0,28.59,0.08900000000000001,0.0,0,Under Forty,12759
14000.0,MORTGAGE,78000.0,24.02,0.1311,0.0,0,Under Forty,6673
9200.0,RENT,35904.0,6.65,0.1114,0.0,0,Under Forty,4816
15000.0,RENT,68000.0,19.98,0.1114,0.0,0,Under Forty,6734
10000.0,RENT,48000.0,19.47,0.1367,0.0,0,Over Forty,7799
28000.0,MORTGAGE,150000.0,20.33,0.1114,0.0,0,Under Forty,7981
24000.0,MORTGAGE,102000.0,17.43,0.1114,0.0,0,Over Forty,9837
15000.0,RENT,38000.0,29.92,0.1727,0.0,1,Under Forty,6185
10000.0,MORTGAGE,73524.0,14.59,0.1531,0.0,0,Over Forty,11145
2000.0,RENT,45000.0,19.6,0.1531,0.0,0,Under Forty,7493
28000.0,MORTGAGE,110000.0,7.71,0.08900000000000001,0.0,0,Under Forty,6063
4500.0,RENT,16627.2,32.12,0.1905,0.0,0,Over Forty,7342
6075.0,OWN,32000.0,18.56,0.1016,0.0,0,Over Forty,6824
7000.0,RENT,37000.0,19.69,0.079,0.0,0,Under Forty,8925
8875.0,RENT,36400.0,16.75,0.1311,0.0,0,Under Forty,5454
24000.0,RENT,125000.0,8.63,0.1777,0.0,0,Over Forty,12821
4000.0,MORTGAGE,50000.0,20.52,0.08900000000000001,0.0,0,Over Forty,8772
19750.0,RENT,50000.0,3.24,0.0762,0.0,0,Under Forty,4936
7000.0,RENT,55000.0,15.67,0.18489999999999998,0.0,1,Under Forty,6155
15000.0,MORTGAGE,82000.0,15.35,0.08900000000000001,0.0,0,Over Forty,13155
24000.0,RENT,61000.0,16.61,0.1465,0.0,0,Over Forty,10995
16500.0,MORTGAGE,33000.0,10.95,0.11710000000000001,0.0,0,Under Forty,11176
12000.0,MORTGAGE,38000.0,7.52,0.1311,0.0,0,Under Forty,6155
1000.0,MORTGAGE,26524.0,23.34,0.1875,0.0,0,Under Forty,6459
14000.0,MORTGAGE,150000.0,10.3,0.0662,0.0,0,Over Forty,9472
30000.0,MORTGAGE,93000.0,17.83,0.1777,0.0,0,Under Forty,11390
8000.0,MORTGAGE,88000.0,16.96,0.1531,0.0,0,Over Forty,8833
10075.0,OWN,73000.0,20.8,0.1531,0.0,0,Under Forty,9199
20000.0,RENT,100000.0,24.1,0.1409,0.0,0,Over Forty,7708
12000.0,MORTGAGE,50000.0,10.27,0.079,0.0,0,Over Forty,6885
9500.0,MORTGAGE,44000.0,29.43,0.1531,0.0,0,Under Forty,9319
35000.0,MORTGAGE,140000.0,0.0,0.1114,0.0,0,Over Forty,10080
12000.0,RENT,42000.0,30.83,0.1311,0.0,0,Under Forty,8103
14500.0,OWN,45000.0,24.91,0.11710000000000001,0.0,0,Over Forty,11268
12000.0,MORTGAGE,75000.0,25.06,0.1016,0.0,0,Over Forty,7858
6000.0,OWN,56000.0,31.46,0.1531,0.0,0,Under Forty,7403
6500.0,RENT,34000.0,20.44,0.1065,0.0,1,Under Forty,5546
6250.0,OWN,23000.0,34.5,0.1114,0.0,0,Under Forty,7007
18000.0,MORTGAGE,70000.0,14.09,0.1016,0.0,0,Over Forty,7068
10500.0,MORTGAGE,75000.0,3.82,0.12119999999999999,0.0,0,Under Forty,5332
3500.0,MORTGAGE,60000.0,7.62,0.12119999999999999,0.0,0,Under Forty,10842
20000.0,MORTGAGE,95000.0,9.28,0.079,0.0,0,Under Forty,7464
14000.0,RENT,50400.0,21.71,0.158,0.0,0,Under Forty,9960
5000.0,RENT,52000.0,21.05,0.17579999999999998,0.0,0,Over Forty,8438
20000.0,MORTGAGE,49200.0,24.56,0.079,0.0,0,Under Forty,9138
5000.0,RENT,40000.0,28.92,0.1311,0.0,0,Under Forty,8468
10975.0,RENT,60000.0,33.66,0.158,0.0,1,Under Forty,6854
20000.0,MORTGAGE,120000.0,11.79,0.1311,0.0,0,Under Forty,4998
10000.0,MORTGAGE,125000.0,20.88,0.079,0.0,0,Over Forty,11572
1200.0,RENT,13606.0,29.1,0.08900000000000001,0.0,0,Under Forty,4297
21000.0,MORTGAGE,87000.0,8.92,0.079,0.0,0,Under Forty,10780
7375.0,MORTGAGE,180000.0,8.89,0.0762,0.0,0,Over Forty,8588
13200.0,RENT,67000.0,20.58,0.1409,0.0,0,Under Forty,10049
18000.0,MORTGAGE,65000.0,20.34,0.1864,0.0,0,Over Forty,9350
9200.0,MORTGAGE,45000.0,6.85,0.11710000000000001,0.0,0,Under Forty,5638
20000.0,RENT,90000.0,14.61,0.079,0.0,0,Under Forty,8985
10800.0,RENT,86000.0,10.95,0.0762,0.0,0,Over Forty,14098
11100.0,OWN,22880.0,22.66,0.1465,0.0,1,Under Forty,8134
20000.0,MORTGAGE,116000.0,21.48,0.1905,0.0,0,Over Forty,9291
15000.0,RENT,96000.0,12.98,0.1777,0.0,0,Under Forty,9656
16000.0,MORTGAGE,52276.0,32.01,0.12119999999999999,0.0,0,Under Forty,6550
12000.0,MORTGAGE,41000.0,16.15,0.1875,0.0,1,Under Forty,4602
13000.0,RENT,30000.0,26.31,0.1399,0.0,0,Under Forty,7372
3000.0,RENT,41500.0,26.49,0.1531,0.0,0,Under Forty,7219
7000.0,MORTGAGE,123000.0,24.01,0.1016,0.0,0,Under Forty,7493
10000.0,OWN,49417.16,4.18,0.1531,0.0,0,Over Forty,11999
2800.0,RENT,38700.0,21.33,0.1875,0.0,0,Under Forty,7950
35000.0,RENT,110000.0,18.82,0.1875,0.0,1,Over Forty,9684
11200.0,MORTGAGE,45000.0,23.39,0.1677,0.0,1,Under Forty,8833
2000.0,MORTGAGE,68000.0,12.78,0.08900000000000001,0.0,0,Under Forty,7889
15000.0,RENT,55000.0,14.44,0.1875,0.0,1,Over Forty,7007
12000.0,MORTGAGE,52000.0,26.19,0.12119999999999999,0.0,0,Under Forty,5120
7500.0,MORTGAGE,90000.0,6.37,0.11710000000000001,0.0,1,Under Forty,16443
8000.0,RENT,45000.0,9.73,0.1242,0.0,0,Under Forty,9746
3500.0,RENT,18000.0,7.07,0.1972,0.0,0,Under Forty,4146
13000.0,RENT,62000.0,18.12,0.1114,0.0,0,Under Forty,5789
14000.0,RENT,36000.0,17.73,0.1629,0.0,1,Under Forty,6581
35000.0,OWN,180000.0,6.81,0.20989999999999998,0.0,0,Over Forty,6277
35000.0,MORTGAGE,90000.0,16.22,0.1629,0.0,0,Under Forty,11207
16950.0,RENT,44000.0,25.42,0.079,0.0,0,Under Forty,9929
12000.0,MORTGAGE,55000.0,33.75,0.12119999999999999,0.0,0,Under Forty,6824
10500.0,MORTGAGE,36000.0,25.5,0.1433,0.0,0,Under Forty,4694
9450.0,RENT,67000.0,20.18,0.0603,0.0,0,Under Forty,6308
20000.0,MORTGAGE,53000.0,9.44,0.1727,0.0,0,Under Forty,6550
3200.0,RENT,28000.0,5.74,0.18489999999999998,0.0,0,Under Forty,4755
9750.0,OWN,28000.0,26.14,0.1875,0.0,0,Under Forty,4724
14000.0,OWN,40000.0,33.66,0.1433,0.0,0,Under Forty,7830
12000.0,MORTGAGE,60000.0,25.15,0.08900000000000001,0.0,0,Under Forty,8407
8000.0,MORTGAGE,103000.0,21.11,0.17989999999999998,0.0,0,Under Forty,7950
7650.0,RENT,69000.0,16.45,0.1311,0.0,0,Under Forty,8499
9800.0,RENT,36000.0,6.97,0.1531,0.0,0,Under Forty,5607
2000.0,RENT,25000.0,17.33,0.08900000000000001,0.0,1,Under Forty,5028
11000.0,RENT,48000.0,28.03,0.1114,0.0,0,Under Forty,6520
14000.0,MORTGAGE,58000.0,21.68,0.079,0.0,0,Over Forty,13613
28000.0,OWN,100000.0,11.7,0.1409,0.0,0,Over Forty,8741
8400.0,MORTGAGE,72500.0,25.95,0.1777,0.0,0,Under Forty,8560
30000.0,RENT,78000.0,19.78,0.1531,0.0,1,Under Forty,8833
17000.0,RENT,70000.0,11.31,0.1875,0.0,0,Under Forty,7403
13000.0,RENT,80500.0,15.0,0.1972,0.0,0,Under Forty,7158
35000.0,MORTGAGE,86500.0,32.58,0.1114,0.0,0,Under Forty,9837
3675.0,MORTGAGE,38000.0,22.45,0.079,0.0,0,Under Forty,5393
12500.0,OWN,192500.0,11.91,0.08900000000000001,0.0,0,Over Forty,9442
6300.0,RENT,40000.0,18.42,0.1433,0.0,0,Under Forty,5242
5500.0,RENT,45000.0,24.61,0.1409,0.0,0,Under Forty,6185
6000.0,MORTGAGE,150000.0,8.58,0.079,0.0,0,Over Forty,6885
12600.0,RENT,75000.0,7.6,0.1399,0.0,0,Under Forty,11421
9200.0,MORTGAGE,55000.0,20.33,0.12119999999999999,0.0,0,Over Forty,7311
26000.0,RENT,104000.0,18.17,0.079,0.0,0,Under Forty,7677
19300.0,MORTGAGE,41000.0,24.03,0.079,0.0,0,Under Forty,7433
7000.0,RENT,47805.0,17.92,0.079,0.0,0,Under Forty,7099
5000.0,MORTGAGE,43000.0,28.06,0.1016,0.0,0,Under Forty,8560
28000.0,MORTGAGE,100000.0,21.96,0.1409,0.0,1,Over Forty,7950
4000.0,MORTGAGE,54000.0,26.22,0.0603,0.0,0,Under Forty,5301
20000.0,MORTGAGE,85000.0,16.85,0.158,0.0,0,Under Forty,5089
10000.0,RENT,63000.0,5.56,0.1074,0.0,0,Under Forty,5120
7600.0,OWN,28000.0,21.17,0.1531,0.0,1,Over Forty,10933
22000.0,RENT,49000.0,17.51,0.1531,0.0,0,Under Forty,5332
10000.0,MORTGAGE,96000.0,22.35,0.1777,0.0,0,Over Forty,9564
8325.0,OWN,45000.0,6.13,0.1433,0.0,0,Under Forty,5516
11875.0,MORTGAGE,95324.07,27.24,0.1311,0.0,0,Over Forty,9319
11000.0,MORTGAGE,45000.0,16.98,0.1367,0.0,0,Under Forty,6520
25000.0,MORTGAGE,80000.0,17.55,0.09759999999999999,0.0,0,Over Forty,11451
10000.0,RENT,40065.0,22.03,0.12119999999999999,0.0,0,Over Forty,7830
2100.0,MORTGAGE,31000.0,29.38,0.1367,0.0,0,Under Forty,12606
1200.0,RENT,30000.0,14.62,0.12119999999999999,0.0,0,Under Forty,10446
20000.0,RENT,45000.0,21.63,0.1999,0.0,0,Under Forty,7038
5600.0,MORTGAGE,95000.0,9.49,0.0603,0.0,0,Over Forty,7858
35000.0,OWN,112000.0,1.78,0.079,0.0,0,Under Forty,12091
10300.0,RENT,45000.0,7.68,0.1114,2.0,0,Under Forty,5516
12000.0,MORTGAGE,35000.0,15.6,0.09910000000000001,0.0,0,Over Forty,9684
10000.0,RENT,29500.0,20.97,0.1409,0.0,0,Under Forty,7038
21000.0,RENT,102000.0,17.35,0.08900000000000001,0.0,0,Over Forty,13521
12000.0,RENT,40000.0,27.81,0.1114,0.0,0,Under Forty,5607
9600.0,MORTGAGE,65814.0,18.94,0.1016,0.0,0,Under Forty,9291
4400.0,OWN,20000.0,34.98,0.079,0.0,0,Under Forty,5212
10000.0,RENT,72000.0,11.57,0.0603,0.0,0,Under Forty,5363
20000.0,MORTGAGE,80000.0,18.05,0.1409,0.0,0,Under Forty,5363
35000.0,MORTGAGE,76000.0,15.95,0.1855,0.0,0,Under Forty,9564
8875.0,RENT,55000.0,6.17,0.1727,0.0,0,Under Forty,8285
27000.0,MORTGAGE,115000.0,10.28,0.1972,0.0,0,Over Forty,11572
10000.0,RENT,30000.0,10.56,0.1409,0.0,0,Under Forty,5850
12000.0,RENT,109500.0,10.68,0.1875,0.0,0,Under Forty,9684
4800.0,RENT,70000.0,7.39,0.1399,0.0,0,Under Forty,7189
25000.0,MORTGAGE,140000.0,14.33,0.0751,0.0,0,Under Forty,8985
12000.0,MORTGAGE,36000.0,8.4,0.12119999999999999,0.0,0,Under Forty,7280
5000.0,RENT,64000.0,8.78,0.1311,0.0,0,Under Forty,6793
21000.0,MORTGAGE,95000.0,3.34,0.08900000000000001,0.0,0,Under Forty,4755
2850.0,RENT,18000.0,16.6,0.1465,0.0,1,Under Forty,4786
11700.0,MORTGAGE,107000.0,11.28,0.1367,0.0,0,Over Forty,12333
35000.0,MORTGAGE,113000.0,10.34,0.205,0.0,0,Over Forty,9077
9000.0,MORTGAGE,46000.0,16.12,0.0603,0.0,0,Over Forty,9929
10000.0,MORTGAGE,34000.0,22.8,0.1777,0.0,0,Over Forty,8376
8000.0,OWN,26000.0,22.75,0.12119999999999999,0.0,0,Over Forty,7068
15300.0,RENT,50100.0,23.11,0.21,0.0,1,Under Forty,7189
3600.0,MORTGAGE,93000.0,21.02,0.12119999999999999,0.0,1,Under Forty,14738
13000.0,MORTGAGE,65000.0,18.92,0.1311,0.0,0,Over Forty,7038
10000.0,RENT,31000.0,28.59,0.1074,0.0,0,Under Forty,7799
8000.0,OWN,67000.0,29.77,0.079,0.0,1,Under Forty,11633
12000.0,RENT,58000.0,15.31,0.1242,0.0,1,Under Forty,8499
8000.0,OWN,33000.0,8.91,0.1531,0.0,1,Under Forty,8954
14675.0,RENT,60000.0,17.86,0.1727,0.0,0,Under Forty,7372
5000.0,RENT,21600.0,31.5,0.1114,0.0,0,Under Forty,11541
8575.0,MORTGAGE,83000.0,24.94,0.1409,0.0,0,Under Forty,5028
15250.0,RENT,150000.0,13.42,0.1777,0.0,0,Under Forty,4116
20000.0,RENT,60000.0,14.0,0.12689999999999999,0.0,0,Under Forty,6915
7125.0,RENT,55000.0,4.17,0.1114,0.0,1,Under Forty,6428
8325.0,RENT,28800.0,8.33,0.1875,0.0,0,Under Forty,4328
12000.0,MORTGAGE,75000.0,7.04,0.0603,0.0,0,Under Forty,8588
8000.0,RENT,30000.0,10.52,0.158,0.0,0,Under Forty,6885
16000.0,MORTGAGE,60000.0,17.7,0.1311,0.0,0,Under Forty,7708
15000.0,MORTGAGE,42000.0,10.26,0.15810000000000002,0.0,0,Over Forty,7981
2250.0,MORTGAGE,103000.0,15.9,0.1114,0.0,0,Over Forty,10842
24000.0,RENT,73000.0,23.72,0.1311,0.0,0,Over Forty,7127
12000.0,MORTGAGE,75000.0,25.65,0.0662,0.0,0,Under Forty,7738
10000.0,MORTGAGE,107500.0,12.26,0.0762,0.0,0,Under Forty,10752
20000.0,OWN,82000.0,33.45,0.21489999999999998,0.0,0,Under Forty,11056
10800.0,RENT,75000.0,15.74,0.0662,0.0,0,Under Forty,7981
35000.0,RENT,135000.0,16.03,0.12119999999999999,0.0,0,Under Forty,4816
10000.0,MORTGAGE,92000.0,14.23,0.0603,0.0,0,Under Forty,9319
28000.0,MORTGAGE,104000.0,11.68,0.0762,0.0,0,Under Forty,11482
15000.0,MORTGAGE,33000.0,15.14,0.1465,0.0,0,Under Forty,11237
12000.0,MORTGAGE,190000.0,11.38,0.1433,0.0,0,Over Forty,12547
10000.0,MORTGAGE,90000.0,8.99,0.0603,0.0,0,Under Forty,7493
3500.0,RENT,78475.0,8.06,0.1311,0.0,0,Under Forty,10325
6000.0,MORTGAGE,70000.0,9.65,0.1527,0.0,0,Under Forty,7950
7200.0,RENT,35000.0,12.0,0.158,0.0,0,Under Forty,10780
13200.0,MORTGAGE,135000.0,14.27,0.1825,0.0,1,Under Forty,8407
25000.0,MORTGAGE,75000.0,10.93,0.1311,0.0,0,Over Forty,8741
18000.0,RENT,200000.0,12.97,0.079,0.0,0,Under Forty,9046
24000.0,MORTGAGE,200000.0,4.78,0.079,0.0,0,Under Forty,7250
12000.0,RENT,52000.0,19.22,0.0662,0.0,0,Under Forty,12668
3300.0,RENT,20000.0,11.46,0.08900000000000001,0.0,0,Under Forty,7250
15000.0,MORTGAGE,60000.0,6.2,0.0603,0.0,0,Over Forty,10386
3125.0,MORTGAGE,21000.0,5.31,0.0603,0.0,0,Over Forty,13978
24000.0,RENT,100000.0,9.8,0.1016,0.0,0,Under Forty,7585
4000.0,MORTGAGE,45000.0,6.59,0.1016,0.0,0,Under Forty,6581
10000.0,RENT,60000.0,8.22,0.12119999999999999,0.0,1,Over Forty,8042
20000.0,MORTGAGE,67000.0,15.17,0.09759999999999999,0.0,0,Under Forty,6673
1200.0,RENT,20000.0,4.84,0.12119999999999999,0.0,0,Under Forty,7616
8000.0,MORTGAGE,32000.0,27.04,0.158,0.0,0,Under Forty,4450
5500.0,RENT,115000.0,2.4,0.1114,0.0,0,Under Forty,10811
6000.0,RENT,37000.0,26.34,0.12119999999999999,0.0,0,Under Forty,6155
14000.0,RENT,120000.0,12.91,0.08900000000000001,0.0,0,Under Forty,8468
15000.0,MORTGAGE,158000.0,11.38,0.1311,0.0,0,Over Forty,12759
24925.0,RENT,80000.0,12.78,0.1016,0.0,0,Under Forty,5089
23000.0,RENT,94000.0,19.85,0.0762,0.0,0,Over Forty,15985
5125.0,RENT,52000.0,14.36,0.1311,0.0,1,Under Forty,5454
18825.0,RENT,43000.0,20.43,0.079,0.0,0,Under Forty,6308
12000.0,MORTGAGE,82000.0,11.14,0.1465,0.0,0,Over Forty,9442
6000.0,RENT,31000.0,31.35,0.1433,0.0,0,Under Forty,4755
10000.0,RENT,120000.0,0.87,0.1242,0.0,0,Under Forty,4694
6000.0,RENT,48216.0,20.83,0.08900000000000001,0.0,0,Over Forty,9625
35000.0,MORTGAGE,166000.0,1.81,0.08900000000000001,0.0,0,Under Forty,11268
10000.0,RENT,86000.0,15.0,0.1905,0.0,0,Under Forty,7127
6625.0,RENT,35000.0,33.43,0.1777,0.0,1,Under Forty,6063
6000.0,OWN,52000.0,31.41,0.12119999999999999,0.0,0,Under Forty,11876
18000.0,MORTGAGE,130000.0,19.54,0.079,0.0,0,Over Forty,9837
8000.0,RENT,25000.0,19.49,0.18489999999999998,0.0,0,Under Forty,4663
10175.0,OWN,25000.0,25.98,0.1465,0.0,0,Over Forty,12152
23850.0,RENT,60000.0,25.2,0.0662,0.0,1,Under Forty,7616
11500.0,OWN,23000.0,29.9,0.0762,0.0,0,Under Forty,6946
6325.0,RENT,32000.0,23.9,0.18489999999999998,0.0,1,Under Forty,6338
17000.0,RENT,165000.0,15.75,0.1777,0.0,0,Under Forty,8254
6350.0,RENT,42500.0,19.85,0.18489999999999998,0.0,1,Over Forty,7493
9000.0,RENT,117000.0,17.25,0.1409,0.0,0,Under Forty,8407
9950.0,RENT,30000.0,13.38,0.1629,0.0,0,Under Forty,9169
12000.0,MORTGAGE,60000.0,11.82,0.08900000000000001,0.0,0,Under Forty,9411
35000.0,MORTGAGE,180000.0,20.92,0.1311,1.0,0,Under Forty,9350
22000.0,MORTGAGE,93000.0,18.28,0.0662,0.0,0,Under Forty,7981
12250.0,MORTGAGE,44000.0,34.79,0.1311,0.0,1,Under Forty,5758
5000.0,RENT,45000.0,15.93,0.1777,0.0,0,Under Forty,5089
19000.0,RENT,83000.0,17.61,0.1114,0.0,1,Under Forty,7189
9100.0,OWN,60000.0,28.98,0.1433,0.0,0,Over Forty,6063
10000.0,RENT,58000.0,21.74,0.09759999999999999,0.0,0,Under Forty,5089
12375.0,RENT,25000.0,23.14,0.1465,0.0,1,Under Forty,6489
35000.0,RENT,130000.0,15.33,0.158,0.0,1,Under Forty,10080
35000.0,RENT,235000.0,4.24,0.1433,0.0,1,Over Forty,6977
14400.0,RENT,47000.0,21.4,0.1311,0.0,0,Over Forty,6793
10625.0,RENT,42000.0,16.63,0.12119999999999999,0.0,0,Under Forty,7250
7000.0,MORTGAGE,90000.0,15.73,0.12119999999999999,0.0,0,Under Forty,10507
18000.0,RENT,80000.0,9.25,0.08900000000000001,0.0,0,Under Forty,6094
9600.0,RENT,60000.0,13.4,0.12119999999999999,0.0,0,Under Forty,8254
14675.0,MORTGAGE,94000.0,13.38,0.12119999999999999,0.0,0,Under Forty,7464
28000.0,MORTGAGE,220000.0,0.58,0.0762,0.0,0,Over Forty,17538
9000.0,RENT,41600.0,28.3,0.0662,0.0,0,Over Forty,7311
12000.0,MORTGAGE,75000.0,21.12,0.1367,0.0,1,Under Forty,7372
33425.0,RENT,75000.0,15.41,0.1629,0.0,0,Over Forty,11298
10000.0,RENT,45000.0,25.85,0.1311,0.0,0,Over Forty,7250
12000.0,MORTGAGE,52586.0,10.02,0.1114,0.0,0,Under Forty,7555
5375.0,MORTGAGE,20540.0,11.45,0.158,0.0,0,Under Forty,5577
2900.0,RENT,27464.0,15.42,0.1727,0.0,0,Under Forty,8529
6625.0,RENT,24000.0,18.35,0.08900000000000001,0.0,0,Under Forty,4481
12000.0,MORTGAGE,100000.0,11.77,0.0603,0.0,0,Under Forty,8833
10575.0,RENT,45000.0,12.64,0.1016,0.0,0,Under Forty,6338
10000.0,RENT,30000.0,16.2,0.08900000000000001,0.0,0,Under Forty,7280
13250.0,RENT,53000.0,21.96,0.1311,0.0,0,Under Forty,6824
10000.0,RENT,46000.0,9.63,0.12119999999999999,0.0,0,Over Forty,7280
10500.0,RENT,30000.0,17.72,0.12119999999999999,0.0,0,Under Forty,7524
24000.0,MORTGAGE,90000.0,25.85,0.12119999999999999,0.0,0,Over Forty,8376
3200.0,MORTGAGE,82000.0,9.41,0.0762,0.0,0,Under Forty,8103
12175.0,RENT,35000.0,29.42,0.1114,0.0,0,Over Forty,7799
4000.0,MORTGAGE,34000.0,7.84,0.21,0.0,0,Over Forty,7950
4500.0,RENT,18000.0,15.17,0.1875,0.0,0,Under Forty,5212
4000.0,RENT,38400.0,19.2,0.12119999999999999,0.0,0,Under Forty,7616
12000.0,MORTGAGE,50000.0,25.39,0.1531,0.0,0,Under Forty,6673
12000.0,OWN,60000.0,22.34,0.1777,0.0,0,Over Forty,12394
17500.0,RENT,51000.0,14.31,0.1531,0.0,1,Under Forty,8103
11000.0,RENT,36000.0,24.9,0.1311,0.0,0,Over Forty,6762
8000.0,RENT,55000.0,7.53,0.1465,0.0,1,Under Forty,8925
7200.0,MORTGAGE,60000.0,12.72,0.12119999999999999,0.0,0,Over Forty,12333
16800.0,MORTGAGE,120000.0,2.23,0.0603,0.0,1,Under Forty,8042
11625.0,MORTGAGE,41780.0,15.45,0.1311,0.0,0,Under Forty,8011
16000.0,RENT,96000.0,10.77,0.15810000000000002,0.0,1,Under Forty,15347
18000.0,MORTGAGE,80000.0,25.68,0.1114,0.0,0,Over Forty,8864
6500.0,RENT,36000.0,25.3,0.1875,0.0,0,Under Forty,6338
10000.0,RENT,40000.0,20.19,0.1777,0.0,1,Under Forty,5059
5000.0,RENT,38000.0,17.53,0.0662,0.0,0,Under Forty,5607
9600.0,RENT,43000.0,11.94,0.1465,0.0,0,Under Forty,5666
12000.0,RENT,115000.0,6.27,0.1399,0.0,0,Under Forty,9564
5000.0,RENT,71400.0,4.1,0.0762,0.0,0,Under Forty,6459
11325.0,RENT,34000.0,11.4,0.1409,0.0,0,Under Forty,5212
5000.0,RENT,40500.0,11.53,0.0603,0.0,0,Under Forty,5424
10000.0,MORTGAGE,52000.0,17.08,0.1311,0.0,0,Over Forty,7524
8000.0,MORTGAGE,79000.0,9.99,0.1114,0.0,0,Under Forty,7280
6150.0,MORTGAGE,48000.0,25.3,0.0662,0.0,0,Under Forty,7464
2500.0,MORTGAGE,55000.0,21.2,0.1074,0.0,0,Over Forty,9715
8000.0,RENT,59000.0,22.68,0.18489999999999998,0.0,1,Under Forty,5120
10000.0,RENT,30000.0,24.09,0.1367,0.0,1,Over Forty,7007
7200.0,MORTGAGE,38000.0,15.69,0.17989999999999998,0.0,0,Under Forty,6124
10000.0,RENT,65000.0,16.98,0.1905,0.0,0,Under Forty,4511
14400.0,RENT,40000.0,7.77,0.0662,0.0,1,Under Forty,7189
12850.0,RENT,90000.0,19.58,0.1114,0.0,0,Under Forty,7189
7000.0,RENT,45000.0,22.99,0.1409,0.0,0,Under Forty,5758
2700.0,MORTGAGE,77140.0,17.11,0.1311,0.0,0,Under Forty,6824
12000.0,RENT,50000.0,20.57,0.1727,0.0,1,Under Forty,4936
10750.0,RENT,32000.0,16.57,0.1777,0.0,0,Under Forty,5059
5600.0,MORTGAGE,150000.0,10.7,0.1465,0.0,0,Under Forty,6946
16000.0,MORTGAGE,100000.0,19.02,0.1727,0.0,0,Under Forty,7555
3000.0,RENT,38000.0,5.31,0.079,0.0,0,Under Forty,6063
25000.0,MORTGAGE,210000.0,12.01,0.0762,0.0,0,Under Forty,11360
28000.0,OWN,100000.0,2.47,0.0762,0.0,0,Under Forty,11633
8000.0,RENT,35000.0,7.41,0.079,0.0,0,Under Forty,7189
3000.0,RENT,32000.0,3.98,0.158,0.0,0,Under Forty,6762
3000.0,RENT,20000.0,7.02,0.158,0.0,1,Under Forty,6094
12000.0,RENT,53000.0,14.1,0.09759999999999999,0.0,0,Over Forty,8680
10000.0,RENT,85000.0,1.72,0.1777,0.0,0,Under Forty,9411
12250.0,MORTGAGE,50261.12,27.1,0.1905,0.0,0,Under Forty,8954
28000.0,MORTGAGE,100000.0,16.87,0.1016,0.0,0,Over Forty,7372
12000.0,MORTGAGE,90000.0,10.45,0.0603,0.0,1,Over Forty,9291
8000.0,MORTGAGE,25000.0,22.31,0.1777,0.0,0,Under Forty,5638
22000.0,RENT,55500.0,24.65,0.21,0.0,0,Under Forty,7858
21000.0,RENT,82000.0,6.29,0.12119999999999999,0.0,0,Under Forty,4998
24000.0,MORTGAGE,265000.0,8.86,0.1114,0.0,0,Over Forty,13337
8450.0,RENT,25000.0,24.91,0.1311,0.0,0,Under Forty,6185
7000.0,OWN,55000.0,10.3,0.1727,0.0,0,Under Forty,7127
24000.0,OWN,130000.0,21.39,0.1531,0.0,0,Under Forty,9656
4800.0,RENT,50000.0,3.07,0.1409,0.0,0,Under Forty,6094
35000.0,MORTGAGE,130000.0,18.4,0.1972,0.0,1,Under Forty,5697
35000.0,RENT,85500.0,15.79,0.1114,0.0,1,Over Forty,12486
21000.0,MORTGAGE,130000.0,21.05,0.08900000000000001,0.0,0,Over Forty,9319
4000.0,MORTGAGE,38400.0,25.91,0.1311,0.0,0,Under Forty,7007
14000.0,RENT,109000.0,19.32,0.1016,0.0,0,Over Forty,11482
6000.0,MORTGAGE,62000.0,16.8,0.0662,0.0,0,Under Forty,7403
14075.0,RENT,28800.0,14.11,0.1855,0.0,0,Under Forty,6428
20000.0,MORTGAGE,67000.0,7.41,0.079,0.0,0,Under Forty,7920
1500.0,MORTGAGE,41000.0,18.35,0.1311,0.0,0,Under Forty,8407
9000.0,MORTGAGE,27000.0,26.89,0.1875,0.0,0,Under Forty,6247
10000.0,OWN,100105.0,14.12,0.1016,0.0,0,Over Forty,7646
6000.0,OWN,55000.0,34.45,0.1905,0.0,0,Under Forty,8134
7500.0,RENT,69900.0,9.2,0.0603,0.0,0,Under Forty,10507
6000.0,MORTGAGE,200000.0,6.6,0.0762,0.0,0,Under Forty,9656
14500.0,RENT,45000.0,10.45,0.1311,0.0,0,Under Forty,11176
20000.0,RENT,145000.0,10.79,0.08900000000000001,0.0,0,Under Forty,7738
16425.0,MORTGAGE,56000.0,26.91,0.1311,0.0,1,Over Forty,10202
12000.0,MORTGAGE,43000.0,18.5,0.1016,0.0,1,Under Forty,9715
28000.0,MORTGAGE,95000.0,18.01,0.079,0.0,0,Under Forty,7038
9350.0,MORTGAGE,28394.0,21.68,0.0662,0.0,0,Under Forty,8042
12000.0,MORTGAGE,56000.0,7.29,0.1114,0.0,0,Under Forty,8254
8500.0,RENT,30000.0,14.8,0.1855,0.0,0,Under Forty,6703
6000.0,MORTGAGE,77000.0,11.97,0.1311,0.0,0,Under Forty,6946
11200.0,MORTGAGE,150000.0,5.37,0.08900000000000001,0.0,0,Under Forty,11663
5000.0,MORTGAGE,28000.0,6.77,0.1114,0.0,0,Over Forty,7038
10000.0,RENT,30000.0,7.56,0.1311,0.0,0,Under Forty,5485
12000.0,MORTGAGE,70000.0,15.14,0.1629,0.0,0,Over Forty,8560
25000.0,RENT,155000.0,11.68,0.15960000000000002,0.0,0,Over Forty,11510
13200.0,MORTGAGE,65000.0,15.2,0.1114,0.0,0,Under Forty,7524
12300.0,RENT,60000.0,18.84,0.1409,0.0,1,Under Forty,5942
10000.0,RENT,61600.0,24.76,0.15960000000000002,0.0,1,Over Forty,9807
18000.0,MORTGAGE,141000.0,12.84,0.12119999999999999,0.0,0,Under Forty,13613
11500.0,MORTGAGE,35000.0,25.41,0.1311,0.0,0,Over Forty,6824
10000.0,MORTGAGE,72000.0,19.31,0.1409,0.0,0,Under Forty,8376
12000.0,MORTGAGE,115000.0,7.33,0.0662,0.0,0,Over Forty,6550
8000.0,MORTGAGE,88000.0,17.81,0.0603,0.0,0,Under Forty,14098
11300.0,RENT,37000.0,14.46,0.1114,0.0,0,Under Forty,6703
20000.0,OWN,66000.0,29.87,0.1629,0.0,0,Under Forty,8315
7000.0,MORTGAGE,110000.0,18.09,0.12119999999999999,0.0,0,Over Forty,7708
6000.0,MORTGAGE,25112.0,15.67,0.1311,0.0,1,Over Forty,6885
19750.0,MORTGAGE,44748.0,2.49,0.079,0.0,0,Under Forty,5332
11200.0,RENT,115000.0,10.08,0.1629,0.0,0,Under Forty,8894
6225.0,MORTGAGE,60000.0,9.63,0.1399,0.0,0,Under Forty,8864
15000.0,MORTGAGE,90000.0,29.34,0.1777,0.0,0,Under Forty,6063
10000.0,MORTGAGE,60000.0,31.96,0.1016,0.0,0,Under Forty,4542
1500.0,RENT,95000.0,17.51,0.1433,0.0,0,Over Forty,4967
10000.0,MORTGAGE,110000.0,12.66,0.1875,0.0,0,Under Forty,10415
10000.0,RENT,40300.0,29.87,0.1409,0.0,0,Over Forty,6977
10250.0,MORTGAGE,85000.0,17.1,0.1114,0.0,0,Under Forty,6793
10000.0,RENT,50000.0,30.65,0.1016,0.0,1,Under Forty,8680
6000.0,RENT,54000.0,6.92,0.1016,0.0,0,Over Forty,6550
7500.0,RENT,52000.0,18.51,0.0603,0.0,1,Under Forty,13186
5200.0,RENT,38000.0,15.29,0.06,0.0,0,Under Forty,11268
3000.0,MORTGAGE,40000.0,22.41,0.0762,0.0,0,Over Forty,7524
10000.0,MORTGAGE,35000.0,5.38,0.0662,0.0,0,Under Forty,7250
12000.0,MORTGAGE,80000.0,23.21,0.1311,0.0,0,Over Forty,9199
5000.0,RENT,36000.0,7.03,0.22469999999999998,0.0,0,Under Forty,6673
10950.0,RENT,40000.0,29.52,0.1875,0.0,0,Under Forty,5181
10000.0,OWN,29000.0,29.49,0.1311,0.0,0,Under Forty,7646
20775.0,MORTGAGE,60000.0,28.3,0.1399,0.0,0,Under Forty,7372
3000.0,RENT,49000.0,7.32,0.1531,0.0,0,Under Forty,6397
2225.0,RENT,32000.0,32.36,0.1531,0.0,0,Under Forty,6642
4800.0,OWN,19548.0,18.05,0.20489999999999997,0.0,0,Under Forty,8925
14000.0,RENT,64000.0,7.55,0.18489999999999998,0.0,0,Under Forty,5850
10000.0,OWN,35000.0,16.46,0.158,0.0,0,Over Forty,6762
18000.0,MORTGAGE,63220.0,17.37,0.1905,0.0,0,Under Forty,10202
22050.0,MORTGAGE,125000.0,15.31,0.1367,0.0,0,Under Forty,12213
7375.0,MORTGAGE,60000.0,21.6,0.1311,0.0,0,Over Forty,7127
23325.0,MORTGAGE,58500.0,28.27,0.20489999999999997,0.0,0,Over Forty,9138
5000.0,MORTGAGE,60000.0,6.16,0.1972,0.0,1,Under Forty,4694
27575.0,RENT,70000.0,33.87,0.1777,0.0,1,Under Forty,10477
12000.0,RENT,64120.0,19.56,0.1531,0.0,0,Under Forty,13033
30000.0,MORTGAGE,250000.0,14.76,0.1433,0.0,0,Under Forty,8073
20000.0,OWN,47500.0,32.61,0.1433,0.0,1,Under Forty,10811
12000.0,RENT,70000.0,15.55,0.1409,0.0,0,Under Forty,7738
10000.0,MORTGAGE,61000.0,12.69,0.12119999999999999,0.0,0,Over Forty,7708
10000.0,MORTGAGE,69000.0,3.06,0.1905,0.0,0,Under Forty,7127
23675.0,RENT,60000.0,23.02,0.2198,0.0,1,Under Forty,5546
12000.0,MORTGAGE,40000.0,21.9,0.1311,0.0,0,Under Forty,17081
10000.0,MORTGAGE,41000.0,24.94,0.1905,0.0,0,Over Forty,8588
15000.0,MORTGAGE,118000.0,8.68,0.12119999999999999,0.0,0,Under Forty,5363
8000.0,MORTGAGE,185000.0,5.37,0.079,0.0,0,Under Forty,7585
20000.0,RENT,102500.0,24.6,0.20489999999999997,0.0,0,Under Forty,7068
15000.0,RENT,60000.0,17.92,0.1727,0.0,0,Under Forty,8711
8325.0,RENT,25000.0,14.59,0.18489999999999998,0.0,0,Under Forty,4755
6000.0,RENT,48000.0,7.58,0.1114,0.0,1,Over Forty,7189
11100.0,MORTGAGE,150000.0,6.36,0.0762,0.0,0,Under Forty,6612
11000.0,RENT,80000.0,18.39,0.1311,0.0,0,Under Forty,5850
7000.0,MORTGAGE,78000.0,12.75,0.12119999999999999,0.0,0,Over Forty,9016
7000.0,MORTGAGE,78000.0,12.72,0.1016,0.0,0,Over Forty,8680
20000.0,RENT,56000.0,24.73,0.12119999999999999,0.0,0,Under Forty,7311
21000.0,MORTGAGE,189856.25,12.04,0.079,0.0,0,Under Forty,8164
2400.0,RENT,65000.0,18.54,0.09910000000000001,0.0,0,Under Forty,5638
15850.0,RENT,36000.0,12.81,0.1875,0.0,0,Under Forty,6581
8400.0,MORTGAGE,75000.0,19.1,0.1433,0.0,1,Under Forty,6032
24375.0,MORTGAGE,55000.0,28.78,0.1629,0.0,0,Under Forty,7585
6000.0,RENT,55000.0,8.68,0.1629,0.0,1,Under Forty,12091
9050.0,OWN,34000.0,23.68,0.158,0.0,0,Under Forty,4358
11000.0,RENT,56000.0,17.64,0.12119999999999999,1.0,0,Under Forty,7099
10975.0,RENT,120000.0,6.98,0.08900000000000001,0.0,0,Under Forty,4450
25000.0,MORTGAGE,106080.0,13.17,0.1016,0.0,0,Under Forty,15225
12000.0,MORTGAGE,92000.0,8.18,0.0603,0.0,0,Over Forty,7280
7500.0,MORTGAGE,32000.0,12.11,0.1727,0.0,0,Under Forty,7342
1200.0,MORTGAGE,60460.56,19.05,0.1875,0.0,0,Over Forty,6612
13500.0,RENT,45000.0,10.27,0.08900000000000001,0.0,0,Under Forty,18999
10000.0,OWN,31000.0,18.04,0.1311,0.0,0,Under Forty,9807
5500.0,OWN,40413.0,24.59,0.1905,0.0,0,Under Forty,7342
24000.0,MORTGAGE,68000.0,17.32,0.1311,0.0,0,Under Forty,7493
20000.0,RENT,135000.0,17.48,0.12119999999999999,0.0,0,Under Forty,7464
6000.0,MORTGAGE,63000.0,17.28,0.079,0.0,0,Over Forty,11207
10000.0,RENT,65000.0,16.38,0.09759999999999999,0.0,1,Under Forty,7219
15575.0,MORTGAGE,88000.0,24.82,0.08900000000000001,0.0,0,Under Forty,8315
9000.0,RENT,60000.0,20.74,0.1016,0.0,0,Over Forty,7250
15850.0,RENT,40000.0,20.4,0.1875,0.0,0,Under Forty,6793
15000.0,RENT,42500.0,23.74,0.1727,0.0,1,Under Forty,7068
9925.0,MORTGAGE,53000.0,26.35,0.1433,0.0,0,Under Forty,9837
17050.0,RENT,47000.0,27.09,0.1433,0.0,0,Under Forty,6094
2750.0,RENT,10968.0,12.25,0.21489999999999998,0.0,1,Under Forty,4967
12000.0,RENT,80000.0,15.83,0.1016,0.0,0,Under Forty,5607
22250.0,MORTGAGE,160000.0,11.29,0.079,0.0,1,Under Forty,8529
12000.0,RENT,47764.0,28.84,0.20489999999999997,0.0,0,Under Forty,11663
18000.0,RENT,56000.0,17.86,0.079,0.0,0,Under Forty,7585
9600.0,RENT,75000.0,14.82,0.1629,0.0,0,Over Forty,6277
12000.0,RENT,95000.0,10.23,0.12119999999999999,0.0,0,Over Forty,7311
11450.0,MORTGAGE,61000.0,17.78,0.1629,0.0,0,Over Forty,8560
20250.0,MORTGAGE,160000.0,14.46,0.0662,0.0,0,Over Forty,10568
6000.0,RENT,60000.0,7.94,0.158,0.0,0,Over Forty,7127
18000.0,MORTGAGE,72000.0,17.65,0.205,0.0,0,Under Forty,6824
14000.0,RENT,86000.0,15.15,0.1855,0.0,0,Under Forty,8254
16000.0,RENT,97760.0,5.46,0.18489999999999998,0.0,1,Under Forty,7555
5500.0,MORTGAGE,77000.0,11.0,0.1409,0.0,0,Under Forty,9899
7200.0,MORTGAGE,40000.0,17.16,0.1433,0.0,0,Over Forty,6277
10000.0,RENT,40000.0,28.23,0.079,0.0,0,Under Forty,7038
6400.0,MORTGAGE,55000.0,15.09,0.1777,0.0,1,Under Forty,6032
12000.0,RENT,72000.0,6.22,0.1409,0.0,0,Under Forty,6094
8000.0,RENT,65000.0,11.03,0.1016,0.0,0,Under Forty,6155
20000.0,MORTGAGE,95000.0,12.49,0.079,0.0,0,Under Forty,7433
16000.0,MORTGAGE,65000.0,4.54,0.12119999999999999,0.0,0,Under Forty,6946
4600.0,RENT,64800.0,4.76,0.0662,0.0,0,Over Forty,6673
9600.0,MORTGAGE,49000.0,4.41,0.0662,0.0,0,Under Forty,9807
2500.0,RENT,31877.0,7.3,0.079,0.0,0,Under Forty,6520
9975.0,MORTGAGE,65500.0,29.46,0.1409,0.0,0,Under Forty,9807
12000.0,MORTGAGE,325000.0,13.8,0.12689999999999999,0.0,0,Under Forty,11725
22000.0,MORTGAGE,165000.0,19.14,0.079,0.0,1,Over Forty,7677
16500.0,RENT,57000.0,18.25,0.1433,0.0,0,Under Forty,10780
5100.0,RENT,33000.0,4.25,0.0603,0.0,0,Under Forty,15347
1100.0,RENT,42000.0,4.45,0.12119999999999999,0.0,0,Under Forty,7677
15850.0,RENT,36000.0,20.3,0.1875,0.0,0,Over Forty,11572
10000.0,RENT,90000.0,14.12,0.1311,0.0,0,Under Forty,7769
7000.0,RENT,37000.0,18.45,0.1367,0.0,0,Under Forty,7189
10000.0,MORTGAGE,130000.0,6.47,0.12119999999999999,0.0,0,Under Forty,9319
3000.0,RENT,135000.0,14.81,0.1349,0.0,0,Under Forty,10233
12000.0,MORTGAGE,76000.0,16.61,0.1367,0.0,0,Over Forty,7920
8125.0,RENT,24000.0,31.4,0.1531,0.0,0,Under Forty,6428
1000.0,MORTGAGE,27000.0,20.22,0.1433,0.0,0,Under Forty,10721
1000.0,MORTGAGE,70000.0,11.43,0.0603,0.0,0,Under Forty,8650
13750.0,RENT,50000.0,12.14,0.1114,0.0,0,Under Forty,7099
10000.0,MORTGAGE,72000.0,15.8,0.1727,0.0,0,Under Forty,7158
6600.0,MORTGAGE,52000.0,18.25,0.158,0.0,0,Under Forty,8011
23675.0,OWN,60000.0,27.02,0.1433,0.0,0,Under Forty,15681
15850.0,MORTGAGE,50185.0,20.66,0.1114,0.0,0,Under Forty,10446
4800.0,RENT,16000.0,21.75,0.12119999999999999,0.0,0,Under Forty,5028
10000.0,RENT,80000.0,10.91,0.0662,0.0,0,Under Forty,9016
15000.0,MORTGAGE,60000.0,19.98,0.1409,0.0,0,Under Forty,8650
15000.0,OWN,45000.0,8.53,0.18489999999999998,0.0,1,Over Forty,12364
14900.0,MORTGAGE,61000.0,13.5,0.1074,0.0,0,Over Forty,10995
23675.0,MORTGAGE,60000.0,21.56,0.1433,0.0,0,Over Forty,9016
5600.0,MORTGAGE,55000.0,12.39,0.1114,0.0,0,Over Forty,7493
17000.0,MORTGAGE,132000.0,7.08,0.079,0.0,0,Under Forty,12821
7200.0,MORTGAGE,75000.0,8.18,0.0603,0.0,0,Under Forty,7889
4000.0,MORTGAGE,163000.0,13.47,0.1531,0.0,0,Under Forty,13794
15000.0,MORTGAGE,53196.0,3.88,0.079,0.0,0,Under Forty,7585
8000.0,OWN,25000.0,22.46,0.1727,0.0,1,Under Forty,4786
25000.0,RENT,85000.0,32.09,0.22469999999999998,0.0,0,Under Forty,7280
8000.0,MORTGAGE,37000.0,16.93,0.08900000000000001,0.0,0,Under Forty,7280
10000.0,RENT,85000.0,27.94,0.12119999999999999,0.0,0,Under Forty,9016
7000.0,OWN,48000.0,12.63,0.17989999999999998,0.0,0,Under Forty,10446
10000.0,OWN,100000.0,16.43,0.0603,0.0,1,Under Forty,13308
4800.0,MORTGAGE,63000.0,10.97,0.0603,0.0,0,Over Forty,8073
10000.0,RENT,29660.0,18.65,0.1727,0.0,0,Under Forty,8254
12000.0,RENT,37000.0,14.14,0.1016,0.0,0,Under Forty,7127
15000.0,MORTGAGE,58000.0,14.01,0.1114,0.0,0,Under Forty,9837
18000.0,RENT,80000.0,11.49,0.079,0.0,0,Over Forty,12241
14000.0,RENT,65000.0,11.1,0.079,0.0,0,Under Forty,4998
5000.0,RENT,45360.0,27.88,0.0762,0.0,0,Under Forty,6489
8325.0,OWN,29762.0,6.25,0.1875,0.0,0,Under Forty,5728
12000.0,RENT,41600.0,12.81,0.0762,0.0,0,Under Forty,7769
6000.0,MORTGAGE,135000.0,5.72,0.08900000000000001,0.0,0,Under Forty,8954
6000.0,RENT,41600.0,19.24,0.09759999999999999,0.0,0,Under Forty,5819
12000.0,OWN,35360.0,8.08,0.1727,0.0,0,Under Forty,14312
6075.0,MORTGAGE,84000.0,26.53,0.1016,0.0,0,Under Forty,10049
15000.0,MORTGAGE,84000.0,18.77,0.1114,0.0,0,Under Forty,9016
24000.0,RENT,80000.0,17.54,0.08900000000000001,0.0,0,Under Forty,7677
13000.0,MORTGAGE,46702.0,14.21,0.08900000000000001,0.0,0,Over Forty,9868
6000.0,RENT,50000.0,15.6,0.1399,0.0,0,Under Forty,6003
15000.0,MORTGAGE,102000.0,10.99,0.1311,0.0,0,Under Forty,7158
12800.0,MORTGAGE,60516.0,15.23,0.1531,0.0,0,Under Forty,7433
10850.0,MORTGAGE,48949.26,21.62,0.1016,0.0,1,Over Forty,8499
9000.0,RENT,45000.0,13.04,0.12119999999999999,0.0,0,Under Forty,7677
8000.0,RENT,25323.0,16.52,0.1629,0.0,0,Under Forty,7219
10000.0,MORTGAGE,92000.0,13.53,0.1433,0.0,0,Under Forty,7311
14000.0,RENT,70000.0,7.09,0.079,0.0,0,Under Forty,6369
11675.0,MORTGAGE,65388.0,18.87,0.12119999999999999,0.0,0,Over Forty,7250
7800.0,RENT,25000.0,7.3,0.1531,0.0,0,Under Forty,5728
15000.0,MORTGAGE,62000.0,9.27,0.1016,0.0,0,Over Forty,12213
15000.0,MORTGAGE,57000.0,11.55,0.1777,0.0,0,Over Forty,9656
35000.0,MORTGAGE,290000.0,3.17,0.1905,0.0,0,Over Forty,10811
14000.0,MORTGAGE,63000.0,10.56,0.0662,0.0,0,Under Forty,11421
9600.0,MORTGAGE,69000.0,9.3,0.1114,0.0,0,Under Forty,7433
1000.0,RENT,33600.0,12.96,0.079,0.0,0,Under Forty,9107
12400.0,RENT,45000.0,29.28,0.1727,0.0,0,Under Forty,5485
12000.0,MORTGAGE,50000.0,19.58,0.1531,0.0,0,Over Forty,7830
9750.0,RENT,34000.0,23.08,0.12119999999999999,0.0,0,Under Forty,7311
2300.0,RENT,55000.0,10.19,0.1074,0.0,0,Under Forty,6915
7100.0,MORTGAGE,26200.0,12.46,0.1114,0.0,0,Over Forty,6915
23500.0,MORTGAGE,118000.0,16.7,0.18489999999999998,0.0,0,Under Forty,9595
6000.0,MORTGAGE,47500.0,14.3,0.08900000000000001,0.0,0,Under Forty,6124
5000.0,MORTGAGE,65000.0,17.43,0.1409,0.0,0,Over Forty,11663
16000.0,MORTGAGE,256000.0,8.4,0.0762,0.0,0,Under Forty,8711
9750.0,RENT,30000.0,23.56,0.1531,0.0,1,Over Forty,7127
7900.0,RENT,80000.0,14.81,0.079,0.0,0,Under Forty,12668
4575.0,RENT,23000.0,24.62,0.1242,0.0,1,Under Forty,4967
20000.0,MORTGAGE,55000.0,20.9,0.1905,0.0,0,Over Forty,10752
18800.0,MORTGAGE,53000.0,19.09,0.12119999999999999,0.0,0,Under Forty,7250
25000.0,MORTGAGE,86000.0,33.43,0.1016,0.0,0,Over Forty,9046
4200.0,RENT,30000.0,9.22,0.158,0.0,0,Under Forty,15104
4500.0,RENT,67690.0,16.72,0.0762,0.0,0,Under Forty,11482
15000.0,RENT,55000.0,21.08,0.1114,0.0,0,Under Forty,5424
14000.0,MORTGAGE,60000.0,16.78,0.1409,0.0,0,Under Forty,13582
17000.0,MORTGAGE,78000.0,23.0,0.079,0.0,0,Over Forty,7311
10575.0,MORTGAGE,44700.0,15.45,0.08900000000000001,0.0,0,Over Forty,9230
6800.0,MORTGAGE,40400.0,20.52,0.09759999999999999,0.0,1,Under Forty,6673
12000.0,MORTGAGE,36000.0,14.93,0.12119999999999999,0.0,0,Under Forty,6155
14000.0,MORTGAGE,51000.0,12.54,0.12119999999999999,0.0,0,Under Forty,6185
3800.0,MORTGAGE,62000.0,18.19,0.1905,0.0,0,Under Forty,6428
6000.0,RENT,42000.0,15.11,0.12119999999999999,0.0,0,Under Forty,8680
9025.0,MORTGAGE,70000.0,6.15,0.0603,0.0,0,Over Forty,13094
15000.0,RENT,45000.0,10.59,0.18489999999999998,0.0,0,Under Forty,5301
5325.0,OWN,26000.0,13.8,0.1629,0.0,0,Under Forty,12637
6000.0,OWN,45000.0,10.21,0.1465,0.0,0,Under Forty,7280
2750.0,RENT,24960.0,24.28,0.1399,0.0,1,Under Forty,15985
13475.0,RENT,41000.0,24.16,0.1527,0.0,0,Under Forty,6885
20000.0,MORTGAGE,160000.0,14.53,0.1629,0.0,0,Under Forty,9534
3000.0,MORTGAGE,30000.0,6.28,0.079,0.0,0,Under Forty,5089
20000.0,MORTGAGE,104000.0,3.21,0.0603,0.0,0,Under Forty,6793
6075.0,MORTGAGE,36000.0,15.43,0.1531,0.0,0,Under Forty,12241
10000.0,RENT,55000.0,14.25,0.1433,0.0,0,Over Forty,6397
15000.0,RENT,35000.0,21.87,0.079,0.0,0,Over Forty,7555
6000.0,MORTGAGE,41600.0,18.61,0.1727,0.0,0,Under Forty,8619
12000.0,MORTGAGE,65000.0,21.99,0.12119999999999999,0.0,1,Under Forty,5516
30000.0,RENT,230000.0,11.1,0.1114,0.0,0,Under Forty,14616
6000.0,OWN,38000.0,6.63,0.1311,0.0,0,Under Forty,9319
12000.0,MORTGAGE,95000.0,5.58,0.0603,0.0,0,Over Forty,7403
18500.0,RENT,75000.0,11.88,0.1629,0.0,0,Under Forty,15985
19200.0,MORTGAGE,103000.0,10.4,0.0662,0.0,0,Under Forty,7585
35000.0,MORTGAGE,160000.0,30.49,0.1311,0.0,1,Under Forty,9503
7500.0,RENT,42000.0,6.77,0.1311,0.0,0,Under Forty,8438
10425.0,MORTGAGE,43000.0,17.39,0.1433,0.0,1,Under Forty,7099
14000.0,RENT,75500.0,19.36,0.1875,0.0,0,Under Forty,7585
10000.0,MORTGAGE,175000.0,2.87,0.0662,0.0,0,Under Forty,8285
7000.0,RENT,84000.0,4.79,0.08900000000000001,0.0,1,Under Forty,5697
20800.0,RENT,85000.0,10.14,0.1114,0.0,0,Over Forty,10446
16000.0,MORTGAGE,125000.0,15.33,0.0762,0.0,0,Under Forty,10202
10000.0,RENT,60000.0,23.5,0.1311,0.0,0,Under Forty,8011
8300.0,MORTGAGE,32184.0,10.7,0.1677,0.0,0,Over Forty,9169
2425.0,MORTGAGE,96000.0,3.68,0.0762,0.0,0,Over Forty,6032
9000.0,RENT,39000.0,9.02,0.1531,0.0,0,Under Forty,6003
13825.0,MORTGAGE,43000.0,25.61,0.1114,1.0,0,Under Forty,10202
5000.0,MORTGAGE,55000.0,12.13,0.08900000000000001,0.0,0,Under Forty,6977
11600.0,RENT,114895.2,22.46,0.1114,0.0,0,Over Forty,7708
8000.0,RENT,43000.0,14.34,0.1727,0.0,0,Over Forty,11694
17000.0,MORTGAGE,90000.0,17.57,0.1016,0.0,0,Under Forty,6612
6950.0,MORTGAGE,45100.8,15.98,0.08900000000000001,0.0,0,Under Forty,11694
9000.0,MORTGAGE,72000.0,4.17,0.1311,0.0,0,Under Forty,5363
20000.0,MORTGAGE,128000.0,24.18,0.0762,0.0,0,Under Forty,12272
9625.0,RENT,80000.0,18.68,0.1465,0.0,0,Under Forty,4936
8000.0,RENT,86136.0,17.22,0.1465,0.0,0,Over Forty,10111
21250.0,RENT,48000.0,17.25,0.1311,0.0,0,Under Forty,7038
8000.0,RENT,35000.0,21.26,0.1531,0.0,0,Under Forty,7342
10000.0,MORTGAGE,46860.0,11.6,0.1777,0.0,0,Under Forty,6762
35000.0,MORTGAGE,95300.0,9.3,0.09910000000000001,0.0,0,Under Forty,7555
10800.0,RENT,95000.0,14.24,0.1242,0.0,0,Under Forty,9319
7000.0,MORTGAGE,39900.0,28.45,0.0662,0.0,0,Over Forty,11572
12000.0,MORTGAGE,45000.0,11.04,0.12119999999999999,0.0,0,Over Forty,10872
21850.0,RENT,50000.0,21.77,0.18489999999999998,0.0,0,Over Forty,5972
20000.0,MORTGAGE,82000.0,24.19,0.079,0.0,0,Over Forty,9715
6075.0,MORTGAGE,85000.0,11.35,0.12119999999999999,0.0,0,Under Forty,7738
2000.0,RENT,50000.0,11.76,0.1905,0.0,0,Under Forty,6581
10000.0,OWN,150000.0,1.32,0.18489999999999998,0.0,0,Under Forty,11360
3600.0,RENT,31000.0,16.3,0.1311,0.0,0,Under Forty,4967
24000.0,MORTGAGE,60000.0,22.9,0.08900000000000001,0.0,0,Under Forty,9016
3425.0,RENT,30000.0,14.96,0.0762,0.0,1,Under Forty,6520
8000.0,RENT,55000.0,7.88,0.1629,0.0,0,Under Forty,5089
20000.0,MORTGAGE,136000.0,6.44,0.0762,0.0,0,Under Forty,11056
24000.0,OWN,91000.0,24.7,0.079,0.0,0,Under Forty,7219
10000.0,MORTGAGE,60000.0,6.84,0.1531,0.0,0,Over Forty,16412
3625.0,RENT,66800.0,11.68,0.1972,0.0,0,Under Forty,4847
24000.0,MORTGAGE,150000.0,13.39,0.08900000000000001,0.0,0,Over Forty,6550
22250.0,MORTGAGE,50000.0,17.33,0.1114,0.0,0,Over Forty,7311
5000.0,RENT,31000.0,13.94,0.12119999999999999,0.0,0,Under Forty,4663
9000.0,RENT,112000.0,8.03,0.1114,0.0,0,Over Forty,11025
17000.0,MORTGAGE,40000.0,11.37,0.12119999999999999,0.0,0,Under Forty,9776
16000.0,MORTGAGE,130000.0,1.42,0.1016,0.0,0,Under Forty,4724
13000.0,RENT,45012.0,28.05,0.158,0.0,1,Over Forty,11360
7500.0,RENT,40000.0,19.62,0.1825,0.0,0,Under Forty,4786
15350.0,MORTGAGE,65000.0,31.72,0.1016,0.0,0,Under Forty,7555
12000.0,RENT,56000.0,13.61,0.0662,0.0,0,Under Forty,6854
17625.0,RENT,40000.0,14.85,0.1905,0.0,1,Under Forty,11117
7500.0,RENT,51000.0,24.35,0.08900000000000001,0.0,0,Under Forty,8103
4200.0,MORTGAGE,52000.0,19.41,0.08900000000000001,0.0,0,Over Forty,14769
20000.0,MORTGAGE,82500.0,13.38,0.0603,0.0,0,Under Forty,8772
6000.0,MORTGAGE,75000.0,16.85,0.08900000000000001,0.0,0,Under Forty,8680
10100.0,MORTGAGE,55000.0,6.87,0.1531,0.0,0,Over Forty,10264
25000.0,MORTGAGE,75000.0,12.27,0.0762,0.0,0,Over Forty,8619
3500.0,RENT,35000.0,20.02,0.079,0.0,0,Under Forty,8285
30000.0,MORTGAGE,95000.0,11.79,0.12119999999999999,0.0,0,Under Forty,12790
6000.0,MORTGAGE,36000.0,31.87,0.12119999999999999,0.0,0,Under Forty,8042
21850.0,RENT,50000.0,20.25,0.12119999999999999,0.0,0,Under Forty,13429
7000.0,MORTGAGE,85000.0,14.81,0.079,0.0,0,Under Forty,9411
2500.0,MORTGAGE,31000.0,14.98,0.0603,0.0,0,Under Forty,7493
9000.0,MORTGAGE,68000.0,26.52,0.1727,0.0,0,Over Forty,10995
15000.0,MORTGAGE,52000.0,22.29,0.079,0.0,0,Under Forty,7889
7000.0,MORTGAGE,50000.0,30.96,0.1433,0.0,1,Under Forty,5516
11650.0,MORTGAGE,70720.0,29.34,0.09759999999999999,0.0,0,Over Forty,8650
10500.0,RENT,54876.0,16.61,0.1531,0.0,0,Under Forty,13308
10000.0,MORTGAGE,40000.0,9.3,0.1016,0.0,0,Under Forty,13277
12000.0,RENT,47840.0,30.15,0.12119999999999999,0.0,0,Over Forty,9746
16750.0,RENT,52000.0,23.42,0.1629,0.0,0,Under Forty,7920
6000.0,RENT,70000.0,15.4,0.1409,0.0,0,Under Forty,5454
14850.0,RENT,64500.0,13.33,0.079,0.0,0,Under Forty,7950
10000.0,RENT,70000.0,19.47,0.12119999999999999,0.0,0,Over Forty,6612
10000.0,RENT,80000.0,14.24,0.1465,0.0,0,Under Forty,9350
1000.0,MORTGAGE,87890.0,23.12,0.1629,0.0,0,Over Forty,11451
10000.0,MORTGAGE,82400.0,17.37,0.1311,0.0,0,Under Forty,10599
12000.0,MORTGAGE,225000.0,10.22,0.0662,0.0,0,Under Forty,11755
6150.0,MORTGAGE,71778.48,14.78,0.158,0.0,0,Over Forty,6094
7700.0,MORTGAGE,80000.0,16.39,0.1016,0.0,0,Under Forty,8650
18000.0,RENT,55500.0,23.48,0.1875,0.0,0,Under Forty,10660
11500.0,RENT,35100.0,14.94,0.158,0.0,0,Over Forty,6703
18000.0,MORTGAGE,200000.0,5.99,0.079,0.0,1,Under Forty,7677
4500.0,RENT,55000.0,26.31,0.1905,0.0,0,Under Forty,7981
16000.0,MORTGAGE,52000.0,18.53,0.1311,0.0,0,Over Forty,7464
15000.0,RENT,122000.0,23.96,0.1114,0.0,0,Over Forty,6308
25000.0,MORTGAGE,105500.0,29.73,0.1433,0.0,0,Over Forty,9260
24000.0,RENT,94000.0,13.6,0.12119999999999999,0.0,0,Under Forty,4328
18000.0,MORTGAGE,98000.0,11.49,0.1531,0.0,0,Under Forty,10995
10000.0,MORTGAGE,45000.0,8.43,0.1531,0.0,0,Over Forty,9381
10000.0,MORTGAGE,116943.0,19.91,0.1311,0.0,0,Over Forty,12578
6000.0,MORTGAGE,28000.0,6.56,0.1016,0.0,0,Under Forty,8833
10000.0,RENT,55000.0,15.64,0.1409,0.0,0,Over Forty,7524
11200.0,MORTGAGE,65000.0,11.13,0.1065,0.0,0,Under Forty,6124
16000.0,MORTGAGE,98000.0,11.82,0.08900000000000001,0.0,0,Over Forty,8164
8000.0,OWN,60000.0,23.64,0.1531,0.0,0,Over Forty,9381
3200.0,RENT,48500.0,26.18,0.1727,0.0,1,Over Forty,6793
15000.0,RENT,84000.0,23.63,0.1114,0.0,0,Under Forty,7830
25000.0,RENT,106500.0,21.01,0.09759999999999999,0.0,0,Under Forty,7372
15850.0,RENT,64200.0,12.24,0.1777,0.0,0,Over Forty,7493
19750.0,MORTGAGE,51000.0,22.92,0.1311,0.0,1,Under Forty,6885
15000.0,MORTGAGE,120000.0,10.1,0.1531,0.0,0,Under Forty,6642
35000.0,MORTGAGE,95000.0,13.17,0.1531,0.0,0,Under Forty,13460
35000.0,RENT,125000.0,13.23,0.079,0.0,0,Under Forty,7585
6000.0,RENT,53000.0,21.28,0.0762,0.0,0,Under Forty,7433
21325.0,RENT,80200.0,16.23,0.08900000000000001,0.0,0,Under Forty,9077
7000.0,OWN,39600.0,7.24,0.08900000000000001,0.0,0,Over Forty,7830
21725.0,RENT,44000.0,17.5,0.08900000000000001,0.0,0,Under Forty,10355
3250.0,RENT,20000.0,10.5,0.2198,0.0,1,Under Forty,7038
12000.0,MORTGAGE,36000.0,16.67,0.1311,0.0,1,Under Forty,6854
14000.0,RENT,110000.0,15.39,0.09910000000000001,0.0,0,Under Forty,9350
4500.0,MORTGAGE,120000.0,7.61,0.11710000000000001,0.0,1,Under Forty,11329
12000.0,RENT,85000.0,14.44,0.1016,0.0,0,Under Forty,11572
35000.0,OWN,100353.0,26.83,0.18489999999999998,0.0,0,Under Forty,12060
6200.0,MORTGAGE,40000.0,5.58,0.1433,0.0,0,Under Forty,8803
10000.0,RENT,55595.0,17.46,0.1367,0.0,0,Under Forty,5972
6000.0,RENT,62000.0,26.25,0.12119999999999999,0.0,0,Under Forty,7738
12000.0,MORTGAGE,55000.0,24.61,0.12119999999999999,0.0,0,Over Forty,5546
7600.0,RENT,28000.0,13.24,0.1629,0.0,0,Under Forty,7189
10000.0,RENT,56000.0,12.11,0.1311,0.0,0,Under Forty,5273
11000.0,OWN,35000.0,23.9,0.1114,0.0,0,Over Forty,10172
10000.0,RENT,35000.0,27.33,0.1629,0.0,0,Under Forty,5546
7900.0,RENT,80000.0,28.29,0.1311,0.0,0,Over Forty,11755
5250.0,RENT,60000.0,33.5,0.1114,0.0,0,Under Forty,7858
4800.0,OWN,53000.0,18.22,0.079,0.0,0,Under Forty,6642
1800.0,RENT,45000.0,2.32,0.0662,0.0,0,Under Forty,4877
10000.0,RENT,25000.0,22.66,0.08900000000000001,0.0,0,Under Forty,5881
10000.0,MORTGAGE,102000.0,12.66,0.1311,0.0,0,Over Forty,9960
30000.0,MORTGAGE,450000.0,6.75,0.18489999999999998,0.0,0,Under Forty,9016
30000.0,MORTGAGE,110000.0,16.55,0.08900000000000001,0.0,0,Under Forty,8315
12000.0,RENT,34330.0,8.81,0.079,0.0,0,Under Forty,6338
8400.0,RENT,40000.0,32.58,0.1727,0.0,0,Under Forty,5607
6000.0,RENT,85000.0,7.1,0.12119999999999999,0.0,0,Under Forty,8803
3200.0,MORTGAGE,55000.0,4.67,0.1399,0.0,0,Over Forty,8376
32875.0,MORTGAGE,110000.0,22.19,0.21489999999999998,0.0,0,Under Forty,7464
12000.0,MORTGAGE,48000.0,20.68,0.1016,0.0,0,Under Forty,7189
12000.0,OWN,54000.0,21.51,0.0662,0.0,0,Over Forty,12912
10000.0,RENT,60000.0,7.78,0.17989999999999998,0.0,0,Under Forty,5972
6000.0,RENT,40000.0,10.98,0.08900000000000001,0.0,0,Under Forty,7280
3600.0,RENT,72000.0,21.57,0.1629,0.0,0,Under Forty,5363
5000.0,OWN,56000.0,1.69,0.0762,0.0,0,Over Forty,12303
15000.0,RENT,49600.0,16.23,0.1531,0.0,1,Under Forty,7769
9000.0,MORTGAGE,40366.0,7.4,0.1016,0.0,0,Under Forty,6428
12000.0,MORTGAGE,56000.0,15.11,0.08900000000000001,0.0,0,Under Forty,15255
18000.0,RENT,45000.0,20.51,0.1433,0.0,1,Under Forty,7127
4500.0,MORTGAGE,30000.0,11.48,0.1016,0.0,0,Under Forty,6734
20000.0,RENT,129000.0,9.96,0.1409,0.0,0,Over Forty,11755
10000.0,MORTGAGE,40000.0,19.83,0.1409,0.0,1,Over Forty,7585
10000.0,MORTGAGE,45000.0,20.24,0.1367,0.0,0,Over Forty,10111
16000.0,OWN,60000.0,7.94,0.1311,0.0,0,Under Forty,16777
7200.0,RENT,40000.0,10.89,0.1409,0.0,0,Under Forty,5028
6500.0,RENT,55000.0,9.56,0.0662,0.0,0,Under Forty,8803
15000.0,MORTGAGE,130000.0,10.92,0.1114,0.0,0,Under Forty,6824
7625.0,RENT,43000.0,14.9,0.1311,0.0,0,Over Forty,7493
8325.0,MORTGAGE,26000.0,23.63,0.1409,0.0,0,Over Forty,8073
20000.0,MORTGAGE,102000.0,18.57,0.158,0.0,0,Under Forty,9046
12300.0,RENT,35880.0,19.67,0.1433,0.0,0,Under Forty,6854
11200.0,MORTGAGE,60000.0,5.7,0.1114,0.0,0,Under Forty,6854
14500.0,MORTGAGE,37500.0,19.68,0.1409,0.0,0,Under Forty,6642
20000.0,MORTGAGE,55000.0,29.63,0.1114,0.0,0,Under Forty,6703
11500.0,RENT,70000.0,22.97,0.1409,0.0,0,Over Forty,7708
5000.0,MORTGAGE,110000.0,13.75,0.1875,0.0,0,Under Forty,11876
3000.0,MORTGAGE,55000.0,17.59,0.12119999999999999,0.0,0,Under Forty,6581
16000.0,RENT,84000.0,12.08,0.12119999999999999,0.0,0,Over Forty,9016
25900.0,MORTGAGE,66000.0,28.8,0.12119999999999999,0.0,1,Under Forty,11847
10000.0,RENT,35000.0,26.64,0.1531,0.0,0,Under Forty,7889
10000.0,MORTGAGE,52164.0,28.58,0.12119999999999999,0.0,0,Under Forty,16199
12600.0,MORTGAGE,40300.0,19.77,0.08900000000000001,0.0,0,Under Forty,5972
11000.0,RENT,45000.0,6.8,0.11710000000000001,0.0,0,Under Forty,6247
5000.0,RENT,24000.0,20.95,0.1409,0.0,0,Under Forty,10141
10000.0,MORTGAGE,78450.0,20.48,0.09759999999999999,0.0,0,Over Forty,9960
7300.0,RENT,55000.0,16.7,0.1016,0.0,0,Under Forty,5363
28000.0,RENT,92000.0,20.51,0.1311,0.0,0,Under Forty,11207
7200.0,MORTGAGE,32000.0,7.16,0.08900000000000001,0.0,0,Under Forty,5059
8000.0,RENT,80000.0,9.74,0.0662,0.0,0,Under Forty,5577
19600.0,RENT,50000.0,1.82,0.0662,0.0,0,Under Forty,8560
7000.0,OWN,45700.0,12.49,0.1242,0.0,0,Over Forty,8925
8000.0,RENT,32400.0,10.81,0.1727,0.0,0,Under Forty,5789
6050.0,RENT,92000.0,10.54,0.0762,0.0,0,Under Forty,8346
10000.0,OWN,26000.0,22.57,0.15810000000000002,0.0,0,Under Forty,7311
6900.0,RENT,36000.0,20.0,0.079,0.0,0,Over Forty,8619
30000.0,RENT,105000.0,18.27,0.20489999999999997,0.0,0,Under Forty,14769
3000.0,RENT,51000.0,14.89,0.1114,0.0,0,Over Forty,6216
20000.0,MORTGAGE,125000.0,18.12,0.08900000000000001,0.0,0,Under Forty,7920
5000.0,MORTGAGE,75000.0,21.01,0.18489999999999998,0.0,0,Under Forty,8560
12000.0,MORTGAGE,50000.0,27.72,0.1433,0.0,0,Over Forty,9442
4950.0,MORTGAGE,65000.0,2.81,0.1016,0.0,0,Under Forty,12851
15000.0,MORTGAGE,86400.0,16.39,0.1629,0.0,1,Under Forty,13308
2000.0,MORTGAGE,56514.0,6.58,0.0762,0.0,0,Over Forty,6793
20000.0,RENT,78283.0,23.02,0.12119999999999999,0.0,0,Under Forty,8103
12400.0,MORTGAGE,113000.0,20.06,0.1114,0.0,0,Over Forty,11541
20000.0,MORTGAGE,81909.0,6.17,0.079,0.0,0,Over Forty,10842
2000.0,RENT,9100.0,23.08,0.23629999999999998,0.0,0,Under Forty,4602
22000.0,MORTGAGE,45000.0,29.52,0.1629,0.0,0,Under Forty,7068
9750.0,OWN,45000.0,15.89,0.18489999999999998,0.0,0,Under Forty,4936
20000.0,MORTGAGE,120000.0,16.2,0.18489999999999998,0.0,0,Under Forty,5789
11000.0,RENT,30000.0,11.24,0.1367,0.0,0,Under Forty,5332
4725.0,MORTGAGE,85000.0,31.31,0.1727,0.0,0,Under Forty,6003
25000.0,MORTGAGE,135000.0,17.7,0.079,0.0,0,Over Forty,9656
10000.0,RENT,50000.0,13.97,0.1409,0.0,0,Under Forty,7219
12500.0,RENT,65000.0,19.77,0.08900000000000001,0.0,0,Under Forty,6673
30000.0,MORTGAGE,300000.0,7.17,0.08900000000000001,0.0,0,Under Forty,9077
12000.0,RENT,35000.0,15.26,0.1727,0.0,1,Under Forty,5424
7500.0,MORTGAGE,110000.0,25.7,0.1972,0.0,1,Under Forty,11816
10000.0,RENT,64000.0,21.53,0.12119999999999999,0.0,0,Under Forty,9016
31200.0,OWN,70000.0,23.22,0.1629,0.0,0,Under Forty,8468
10500.0,MORTGAGE,30000.0,33.32,0.1433,0.0,0,Over Forty,10446
30000.0,MORTGAGE,225000.0,14.64,0.2198,0.0,0,Under Forty,8042
10000.0,RENT,49000.0,16.65,0.0762,0.0,0,Under Forty,8346
5375.0,RENT,19585.0,13.48,0.1114,0.0,0,Over Forty,8711
9000.0,MORTGAGE,65000.0,20.01,0.18489999999999998,0.0,0,Under Forty,6946
9000.0,MORTGAGE,85000.0,13.74,0.1433,0.0,1,Under Forty,5424
4200.0,OWN,96000.0,2.3,0.0603,0.0,0,Under Forty,9230
10000.0,MORTGAGE,98000.0,18.85,0.12119999999999999,0.0,0,Under Forty,9411
3625.0,RENT,68000.0,18.67,0.158,0.0,1,Over Forty,7677
12000.0,MORTGAGE,82600.0,11.72,0.1016,0.0,0,Under Forty,6338
24000.0,RENT,47000.0,15.64,0.15960000000000002,0.0,1,Under Forty,5972
6250.0,RENT,22325.0,11.99,0.1409,0.0,0,Under Forty,4998
8000.0,RENT,50000.0,11.21,0.1399,0.0,0,Under Forty,8619
7600.0,RENT,78000.0,11.85,0.1531,0.0,0,Under Forty,10415
7500.0,MORTGAGE,160000.0,8.64,0.0603,0.0,0,Under Forty,10507
3900.0,MORTGAGE,70000.0,17.65,0.0662,0.0,0,Under Forty,7524
3000.0,RENT,110372.0,16.34,0.1905,0.0,0,Under Forty,10415
24300.0,MORTGAGE,105000.0,12.14,0.08900000000000001,0.0,0,Over Forty,12943
19575.0,RENT,49000.0,34.78,0.1531,0.0,0,Under Forty,5666
10000.0,MORTGAGE,65000.0,26.9,0.12119999999999999,0.0,0,Over Forty,7038
10000.0,MORTGAGE,75000.0,10.83,0.1114,0.0,0,Under Forty,7769
12000.0,MORTGAGE,80000.0,13.16,0.1531,0.0,0,Under Forty,5089
4800.0,RENT,40000.0,12.63,0.12119999999999999,0.0,0,Under Forty,5028
10000.0,RENT,73000.0,13.25,0.1905,0.0,1,Under Forty,7342
5000.0,RENT,98000.0,18.89,0.1727,0.0,0,Over Forty,17234
4000.0,RENT,18000.0,14.32,0.0762,0.0,0,Under Forty,5151
21000.0,MORTGAGE,150000.0,18.4,0.079,0.0,0,Over Forty,9472
10000.0,MORTGAGE,70000.0,21.0,0.1409,0.0,0,Under Forty,19396
15000.0,MORTGAGE,180000.0,9.66,0.079,0.0,0,Over Forty,11237
11725.0,RENT,33504.0,14.23,0.21489999999999998,0.0,0,Under Forty,11663
10000.0,MORTGAGE,32000.0,19.95,0.12119999999999999,0.0,0,Under Forty,9442
4200.0,RENT,100000.0,7.21,0.0662,0.0,0,Under Forty,8376
16000.0,RENT,55000.0,9.91,0.1825,0.0,1,Under Forty,5666
4800.0,RENT,17000.0,17.72,0.12119999999999999,0.0,0,Under Forty,4724
8000.0,RENT,35000.0,16.25,0.079,0.0,0,Under Forty,5911
6350.0,MORTGAGE,64000.0,5.98,0.1433,0.0,0,Over Forty,8103
12450.0,RENT,62000.0,14.42,0.18489999999999998,0.0,0,Under Forty,15013
8725.0,OWN,18314.0,11.99,0.1727,0.0,0,Under Forty,6032
10800.0,RENT,55000.0,8.95,0.08900000000000001,0.0,0,Under Forty,5607
18000.0,MORTGAGE,125000.0,16.97,0.08900000000000001,0.0,0,Under Forty,9169
4800.0,OWN,27500.0,21.12,0.0603,0.0,0,Under Forty,6520
11000.0,OWN,34000.0,11.68,0.1311,0.0,1,Under Forty,4511
10000.0,RENT,40000.0,27.93,0.12119999999999999,0.0,0,Over Forty,9107
12000.0,MORTGAGE,75000.0,21.25,0.205,0.0,0,Under Forty,15408
7000.0,RENT,68000.0,32.91,0.08900000000000001,0.0,0,Under Forty,6977
13000.0,RENT,52000.0,11.36,0.1399,0.0,0,Under Forty,5393
8800.0,MORTGAGE,60000.0,24.22,0.079,0.0,0,Under Forty,8285
8000.0,RENT,56000.0,6.32,0.1629,0.0,0,Under Forty,17446
15000.0,RENT,48000.0,22.13,0.12119999999999999,0.0,0,Over Forty,6793
7200.0,MORTGAGE,35000.0,15.84,0.1409,0.0,0,Under Forty,5181
6000.0,RENT,53000.0,8.67,0.1531,0.0,0,Over Forty,6063
16000.0,RENT,67616.0,31.39,0.1016,0.0,0,Under Forty,8376
6000.0,RENT,40000.0,3.99,0.12119999999999999,0.0,0,Under Forty,12517
5000.0,MORTGAGE,50000.0,23.09,0.1531,0.0,0,Over Forty,7158
14400.0,RENT,93000.0,5.24,0.12119999999999999,0.0,0,Over Forty,7250
13000.0,MORTGAGE,112000.0,1.78,0.1367,0.0,0,Over Forty,10811
8000.0,RENT,54000.0,5.82,0.0762,0.0,0,Under Forty,5819
6000.0,RENT,38000.0,23.02,0.1409,0.0,0,Over Forty,4908
9000.0,MORTGAGE,55000.0,6.42,0.0603,0.0,0,Under Forty,9929
33000.0,RENT,75000.0,29.84,0.1905,0.0,0,Under Forty,9199
10000.0,MORTGAGE,40000.0,19.59,0.1905,0.0,0,Under Forty,7981
12000.0,RENT,68000.0,8.77,0.1311,0.0,0,Under Forty,8223
18000.0,RENT,61500.0,16.14,0.1311,0.0,0,Over Forty,6734
4000.0,MORTGAGE,50000.0,28.68,0.1114,0.0,0,Over Forty,9564
7000.0,RENT,45000.0,20.56,0.17989999999999998,0.0,0,Under Forty,5881
21725.0,RENT,101794.0,18.67,0.2198,0.0,0,Under Forty,8954
2800.0,MORTGAGE,101000.0,12.33,0.1311,0.0,0,Under Forty,6550
7700.0,MORTGAGE,62028.0,5.04,0.0603,0.0,0,Over Forty,8042
9100.0,OWN,40000.0,27.9,0.0662,0.0,0,Under Forty,7708
2000.0,MORTGAGE,50000.0,20.26,0.079,0.0,0,Under Forty,6185
12550.0,RENT,40000.0,31.11,0.1531,0.0,1,Under Forty,9929
19400.0,RENT,55000.0,23.32,0.1311,0.0,0,Over Forty,9715
14000.0,MORTGAGE,130000.0,24.78,0.1016,0.0,0,Under Forty,8254
5000.0,RENT,100000.0,12.56,0.1531,0.0,0,Under Forty,6824
12000.0,MORTGAGE,36100.0,7.45,0.1409,0.0,0,Under Forty,4328
12000.0,RENT,69000.0,15.34,0.12119999999999999,0.0,0,Under Forty,6520
6000.0,RENT,110000.0,20.71,0.1399,0.0,0,Over Forty,12790
15050.0,RENT,42000.0,15.26,0.1016,0.0,0,Under Forty,7158
2200.0,RENT,13500.0,7.86,0.079,0.0,1,Under Forty,5758
20675.0,MORTGAGE,66500.0,12.97,0.1065,0.0,0,Under Forty,7038
7500.0,RENT,74000.0,8.64,0.1531,0.0,0,Under Forty,7280
16000.0,MORTGAGE,82000.0,19.19,0.079,0.0,0,Over Forty,7524
5750.0,OWN,15000.0,14.0,0.1367,0.0,1,Under Forty,6216
6325.0,RENT,35000.0,14.67,0.18489999999999998,0.0,1,Under Forty,4481
8500.0,RENT,45000.0,31.57,0.12119999999999999,0.0,0,Under Forty,4786
10000.0,MORTGAGE,51000.0,11.08,0.12119999999999999,0.0,1,Under Forty,6124
12000.0,RENT,61000.0,9.88,0.12119999999999999,0.0,0,Over Forty,7099
14000.0,RENT,40000.0,20.19,0.12119999999999999,0.0,0,Under Forty,6338
15000.0,RENT,41000.0,26.87,0.1114,0.0,0,Under Forty,9199
3500.0,MORTGAGE,70000.0,7.61,0.079,0.0,0,Under Forty,13155
6000.0,RENT,30720.0,13.83,0.1465,0.0,1,Under Forty,6094
12000.0,OWN,34500.0,28.24,0.1016,0.0,0,Under Forty,6581
10375.0,RENT,45000.0,29.49,0.1531,0.0,1,Under Forty,6550
10000.0,MORTGAGE,96000.0,15.37,0.1433,0.0,0,Under Forty,8894
5200.0,MORTGAGE,58000.0,8.46,0.0603,0.0,1,Over Forty,8438
1400.0,RENT,40000.0,23.49,0.1311,0.0,0,Under Forty,6369
7800.0,MORTGAGE,150000.0,15.97,0.0662,0.0,0,Under Forty,8376
6700.0,RENT,35360.0,16.63,0.0662,0.0,0,Under Forty,5151
16000.0,RENT,70000.0,20.36,0.079,0.0,0,Under Forty,9016
4750.0,RENT,17000.0,24.49,0.20489999999999997,0.0,1,Under Forty,5638
7800.0,RENT,94000.0,17.08,0.1311,0.0,1,Under Forty,5485
11500.0,MORTGAGE,86000.0,5.83,0.1409,0.0,0,Under Forty,7616
14000.0,RENT,110000.0,2.95,0.1016,0.0,0,Under Forty,5424
21325.0,MORTGAGE,54000.0,26.47,0.1409,0.0,0,Under Forty,5758
6300.0,MORTGAGE,80000.0,17.1,0.08900000000000001,0.0,0,Under Forty,6793
8600.0,RENT,35000.0,7.41,0.079,0.0,0,Over Forty,9684
16800.0,OWN,46000.0,4.36,0.0603,0.0,1,Over Forty,7007
35000.0,MORTGAGE,103000.0,27.78,0.1531,0.0,0,Under Forty,10233
5000.0,RENT,39000.0,11.94,0.1367,0.0,0,Under Forty,5697
